userName,score,content,at,thumbsUpCount
Noman Tanoli,4,Fast Delivery nd product is also Good,2026-03-12 23:44:07,0
Aftab Baloch,5,good,2026-03-12 22:31:15,0
K Shroif,5,good sarbic,2026-03-12 22:28:33,0
Boda Mahmoud,5,easy to use,2026-03-12 22:21:35,0
Noorudeen Ahammedu kunju,2,Good,2026-03-12 21:57:05,0
liezl,1,Its almost 2month already until now i didnt recieve my refund. i ordered last month on galary cake the next day of deliver they said that the cake is unavailable so my ordered is canceled. In this apps no costumer service so how can i get my money back?.,2026-03-12 21:53:35,0
Primus Atukunda,4,so far good 👍,2026-03-12 21:37:08,0
Md Naaz,5,this is very good app 👍,2026-03-12 21:25:07,0
New Account,5,tohfaaaa 😍😍,2026-03-12 19:50:10,0
UMAR SABIR,5,good,2026-03-12 19:39:00,0
Ahtisham Ul haq,5,good 👍,2026-03-12 18:50:30,0
Sree Lal,5,very nice,2026-03-12 18:48:27,0
DEO MANDE,5,good,2026-03-12 18:42:19,0
evans kwame Aryeh,5,fast and delivered..👍,2026-03-12 18:17:45,0
Dr Ebrahim Ahmed,1,excessive ads,2026-03-12 17:58:45,0
Waleed Kureshe,1,worst customer service support. once you actually have a problem. they will take a week and multiple calls. only to blame you for it.,2026-03-12 17:58:31,0
Nalukenge Brenda,5,Massive,2026-03-12 17:33:42,0
Fahad Pv,5,good,2026-03-12 16:33:37,0
Dipak Raj Bhandari,5,Dipak Raj Bhandari very nice,2026-03-12 16:27:06,0
Md Jameer,4,good noon,2026-03-12 16:15:30,0
Dmar Mak mafe,5,good app,2026-03-12 16:09:07,0
Malik Athasham,5,nice,2026-03-12 16:06:07,0
Gulsher Ansari,5,good,2026-03-12 15:55:51,0
Imtiaz Ahmed,5,Good,2026-03-12 15:49:19,0
Annie Hs,5,Best service,2026-03-12 15:21:04,0
Hamid ali Bhurgri1122,5,❤️❤️❤️❤️,2026-03-12 14:58:11,0
Kiran Varri,5,wonderful experience 🤩🫶,2026-03-12 14:50:18,0
Fai Chris riley,5,easy to use,2026-03-12 14:36:20,0
Eugine Leo,5,excellent 👍,2026-03-12 14:35:04,0
Shamsl Hasan,5,good,2026-03-12 14:28:26,0
ayaan khan,5,awesome,2026-03-12 14:12:33,0
Daddy Mirano,5,nice,2026-03-12 13:07:47,0
Parul Saxena,5,perfect,2026-03-12 12:11:18,0
Mie Ae,4,من افضل التطبيقات بالتوصيل ولكن لو فيه خيار الشحن المبرد للمنتجات والاكل وغيرها لبرا الرياض ونون اكسبرس العادي,2026-03-12 11:27:03,0
Md Abutalib,5,excellent,2026-03-12 10:43:55,0
HNK vibes,1,"Very disappointing experience with purchase on Noon. I ordered a Samsung Galaxy S24 Ultra International Version, but the seller delivered the US version instead, which is not what was advertised. After only 3 days of use, I also noticed that the phone’s battery has started to swell, which is a serious safety concern for a brand-new device. I contacted Samsung support and they confirmed the phone is the US version. I request Noon to take this issue seriously and provide a replacement",2026-03-12 09:59:35,0
Mohammed Abdul Nayeem,5,"I’ve had a very good experience using the Noon platform. The app is easy to navigate, products are well organized, and the delivery is usually quick and reliable. I also appreciate the frequent offers and competitive prices compared to other online stores. Customer service has been responsive whenever I needed support, and the return process is straightforward. Overall, Noon is a convenient and trustworthy platform for online shopping.",2026-03-12 09:51:34,0
Mohd Imrankhatri,1,fist us noon,2026-03-12 09:38:38,0
Emerdrix Macalit (Emer),5,Very convenient and affordable.,2026-03-12 09:38:16,0
charles sembajwe,5,user friendly service,2026-03-12 09:31:48,0
Abujar Kalam,5,nice,2026-03-12 08:08:45,0
Nabin Chaudhary,5,nice👍👍👍,2026-03-12 06:20:54,0
Muhammad Ejaz,5,good services,2026-03-12 05:20:19,0
King Faisal,5,no discount,2026-03-12 05:13:02,0
Ahmed Hassan,1,hi i just have a question. why noon is not treating their riders well. riders are tyres of every online delivery company. i just heard from a rider that he was delivering 2 items but by mistake he forgot 1 thing under the pouch. and noon fined him. its not the first time i am hearing this thing everyday riders told they get fine. its not a good thing in my point of view. company HR's and ceo and GM should take action on this thing. ASAP,2026-03-12 04:46:56,0
Zain Zahoor,5,Same as shown and fast delivery,2026-03-12 04:22:20,0
Didarol islam Badol,5,Great,2026-03-12 04:18:57,0
Junaid,5,good,2026-03-12 04:18:37,0
Mohammdmahafuz Rana,5,exiled,2026-03-12 03:44:00,0
AbdullahHisham Elabd,5,noon,2026-03-12 03:25:36,0
Romen shak,5,good,2026-03-12 02:43:42,0
md halim,5,nice,2026-03-12 02:24:27,0
asad jee,1,this app very high rate very expensive not good with any products please don't buy,2026-03-12 01:35:27,0
Imran Rana,3,good 👍,2026-03-12 00:48:25,0
Azhar Manshi,5,nice,2026-03-12 00:45:33,0
jamilkhokar jamilkhokar,5,nice 👍👍👍,2026-03-11 23:34:29,0
MD SIRAJUL ISLAM,5,excellent 👌👌,2026-03-11 23:13:14,0
Moeiz Daar,1,for rider not good all time 150 aed penalty if rider forget one item then noon 150 aed panelty 🥹🥹🥹,2026-03-11 23:10:14,0
ADNAN ALI,5,good service,2026-03-11 23:01:54,0
Gorakh Telee,4,good,2026-03-11 23:00:18,0
Farhan Amjad,5,Great,2026-03-11 21:50:22,0
Mahar kamran,5,good,2026-03-11 21:07:00,0
Habte Yosef,5,Nice E-commerce! I loved it😍,2026-03-11 20:57:09,0
J . A J . A,4,good,2026-03-11 20:08:18,0
Bikash Chaudhary Bikash Chaudhary,5,nice pj,2026-03-11 19:34:37,0
JONG LAWRENCE,5,very fast and easy for the payment method,2026-03-11 19:33:49,0
Selvaraj Mani,4,good,2026-03-11 19:22:57,0
ayan ali ali,5,good,2026-03-11 19:15:13,0
Mozammel Hossen,5,good,2026-03-11 18:55:53,0
Mahar Arslan 5173,5,good service 💯💯💯,2026-03-11 18:33:43,0
Asad Ullah,1,good,2026-03-11 17:33:41,0
Mudassar Mayo 0957,1,good,2026-03-11 15:22:41,0
Md Mohin Mdmohinuddin987@gmail.com,5,good,2026-03-11 14:24:02,0
wellany morales,4,i trust this apps for so long 😊,2026-03-11 13:00:50,0
Abdulrahman Ashraf,5,Honestly it's my favorite shopping app with fast delivery and reasonable prices but there are many bugs in the app that need some improvements to run more smoothly 🙏,2026-03-11 12:04:04,0
Ajeesh Krishnan,5,good,2026-03-11 12:00:11,0
omar mohamed,5,ممتاز,2026-03-11 11:02:08,0
Hamza Javed,5,very good sarvis,2026-03-11 10:33:18,0
Faizal Rahman,5,good,2026-03-11 10:17:55,0
Jaymoh Jaymoh,5,always the best and thats why i keep making my oders from noon ...you even deserve six stars🤣🤣🤣🥰,2026-03-11 07:39:46,0
Loravie rose Dayanan,5,fast moving great,2026-03-11 07:19:07,0
Taza Gul Stanikzai,5,thank you noon,2026-03-11 05:03:17,0
Mohammed Gouse,5,good,2026-03-11 04:36:38,0
Sabbir Ahmed,5,Good,2026-03-11 02:16:33,0
shehzad ray,5,very good app,2026-03-11 01:06:57,0
wajad ali,5,Nice,2026-03-11 00:33:02,0
S JUBAIR MOHAMMED,5,"User friendly, easy to use, authentic products, delivered everywhere in KSA, fast service, sealed products, friendly delivery partners, safe and secure payment methods, 100% trustworthy, I think this is my 9th order from noon. Hope to purchase more from noon in future.",2026-03-10 23:51:59,0
rao waqas,5,excellent service of gulf,2026-03-10 21:56:32,0
Rasel,5,assalam walekum I think very Wall.,2026-03-10 21:20:41,0
Shahnawaz,5,very good,2026-03-10 20:59:37,0
Bettyann Khatsei,3,nice company but you have to deliver orders atleast together and at once,2026-03-10 20:28:59,0
Surve Jawad,5,good,2026-03-10 20:18:37,0
Md Afsar,3,apps are working slow respond need more fast working,2026-03-10 19:57:25,0
Talib Tyagi,5,good service,2026-03-10 18:53:36,0
Akhtar Awas,5,very nice,2026-03-10 18:47:15,0
Maqsood Khan,3,first time I'm buying some thing,2026-03-10 18:15:29,0
Vishnu 8245,1,"useless customer service.i dont know why they have customer service.for any problem if we contact them,they will tell raise a ticket thats it finished.and most frustrating thing is they will not provide delivery agent number after out of delivery.we need to wait whole day for the call.if we miss the call they will not call back and schedule the delivery for Tommarrow.whats the big deal if you provide the agent number? please provide the agent number after out of delivery we can't wait whole day.",2026-03-10 17:09:10,0
Najeebur Rahman,5,good product 👍,2026-03-10 16:10:18,0
JAYIN CR,5,good super,2026-03-10 16:09:31,0
Zahir,3,please add Samsung Pay option,2026-03-10 16:05:55,0
jackson kariuki,5,very good app,2026-03-10 15:15:55,0
Nanthan Kumar,5,good,2026-03-10 15:07:53,0
It's Rael,1,"this app is soooo slow!!! as in slower than the slowest thing in the universe. if there's a race for the slowest app, this will come in second because it's too slow to catch the slowest... why don't you just dismantle your app? ohh maybe you already did a few years ago but since it's too slow till now it doesn't close. Pathetic. You should be hit by one of them drones from Iran. ✌️✌️✌️",2026-03-10 14:29:08,0
Abdul Hay,5,❤️❤️❤️❤️,2026-03-10 13:23:17,0
Jahid Khandaker,5,good,2026-03-10 13:00:03,0
sagun kc,1,giod,2026-03-10 12:56:13,0
Shahulknr Hameed,4,good,2026-03-10 12:35:18,0
deeraj deeru,5,very good 👍😊,2026-03-10 12:34:07,0
satish singh,3,good,2026-03-10 12:32:34,0
nashwan al hajjaji,5,👍 The best app,2026-03-10 11:40:43,0
PRAVEENKUMAR SELVARAJ,2,most of them china and low quality products are there. and most of them fake reviews of products,2026-03-10 11:34:15,0
Sk Jishan,5,Very nice good coalaty,2026-03-10 11:28:34,0
rashedulhoqueemon,5,Nice Apps😍,2026-03-10 09:42:15,0
Mohammed sayeed,5,Best application in UAE for online purchasing,2026-03-10 08:40:08,0
Safina Nadeem,3,long time taking in order . specially when getting involve tabby and tamara,2026-03-10 07:51:35,0
John Roy Ladion,5,delivery is so fast,2026-03-10 07:11:54,0
MOHAMMAD ASIF,5,Good,2026-03-10 06:51:54,0
ZAKIR ULLAH,5,good,2026-03-10 06:11:42,0
Khuzaima,3,gud,2026-03-10 05:44:03,0
Ikram Hossen,5,good,2026-03-10 05:40:00,0
Runa Khan,5,nice app,2026-03-10 04:54:25,0
KSA KABIR,5,Good... Store..,2026-03-10 04:39:22,0
MOHAMMAD HASANUJJAMAN,5,good,2026-03-10 04:31:47,0
Asif Tigher,5,good 💯,2026-03-10 04:28:46,0
Sami Sami,5,good,2026-03-10 04:12:14,0
Rezaul Karim,5,Saudi best account noon,2026-03-10 03:40:44,0
Dipan Chakma,5,verry good codition,2026-03-10 02:54:49,0
Kazi Jahidul Islam,3,Nice 👍🏻,2026-03-10 02:41:26,0
Mohamed Al Qubaisi,5,fast,2026-03-10 02:36:09,0
Muhammad Azhar Mahar,5,good noon im I'm happy,2026-03-10 01:36:40,0
Butrash Kumar,5,thank you,2026-03-10 01:24:41,0
Adeel Sarwar,4,This is a very good app,2026-03-10 01:22:05,0
May Hamdi,5,تحفههه بجد وكل حاجه بلقيها من عليها,2026-03-10 00:49:34,0
Drones,1,NOON FOOD . WORST APPLICATION. no response from the last 3 days after my complaint. worst experience. i will never order here again . no customer service at all.,2026-03-10 00:03:00,0
Mufij Aalam,4,good,2026-03-09 23:11:38,0
Sooman Hayat,5,good,2026-03-09 23:08:13,0
Md NH Bappy,5,good service,2026-03-09 23:07:24,0
Ashif khan Meerut,5,Ok,2026-03-09 22:59:39,0
Myksaasif Aliahmed,5,Very good,2026-03-09 22:51:54,0
mohammed feroz ahmed,5,good 😊,2026-03-09 22:39:45,0
Mohd Furkan,5,good,2026-03-09 22:37:25,0
Zeeshan Ali,5,Good app love you,2026-03-09 22:32:20,0
Tamer Abdel Moneim Mohamed Hassan,5,excellent,2026-03-09 22:26:05,0
SANGHSHEN GAUTAM,5,very good,2026-03-09 22:15:14,0
sajid khan,5,good,2026-03-09 21:59:44,0
Md Didar Alam,5,Good job,2026-03-09 21:48:11,0
Arabisk Vape,5,👍,2026-03-09 21:28:55,0
هديل هوساوي,5,تنوع البائعين يوفر سهولة اختيار المنتج تبعا لميزانيتك ✨️👏🏾 وسرعة التوصيل رائعة,2026-03-09 21:27:50,0
Brint Anto,1,"Very bad experience with Noon. My return request was rejected even though I received a faulty mobile phone. The camera module is defective sometimes it focuses, most times it doesn't, and photos are blurry. I contacted them, but none of the departments helped or accepted my request. Now I have lost AED 3050 on a faulty device. It has been more than one month, and the phone is stil in the box because I cannot even use it. This is extremely disappointing and frustrating.I feel completely cheated.",2026-03-09 21:20:37,0
Malik Wahab,5,best App for online shopping.,2026-03-09 20:52:19,0
Raja Raja,5,good 👍,2026-03-09 20:51:35,0
Manoj Madhav,1,"Even when connected to Wi-Fi or mobile data, the app takes a long time to open and load. Once opened, it takes a while for it to appear after searching. There are other online shopping apps that open much easier, for example. Temmu, Trendyol, Shein, etc...",2026-03-09 20:38:31,0
Chandru Kannan 003,3,super,2026-03-09 20:14:48,0
JOSEMON DOMINIC,5,good,2026-03-09 19:57:32,0
Anthony Salvador,5,fast and convenience,2026-03-09 19:55:06,0
satyyanarayanreddy medapati,5,good,2026-03-09 18:58:56,0
Bilawal Bhatti,5,👍,2026-03-09 18:52:31,0
Momen Mdmomen,5,good,2026-03-09 18:39:22,0
Abo Bakar,5,Thank you 😊,2026-03-09 18:38:45,0
cadaani maxamuud,5,Okey,2026-03-09 18:31:43,0
Abdul Salam,5,all good service at time,2026-03-09 17:59:05,0
Aiza Rago,5,Good,2026-03-09 17:52:03,0
Extra,1,very bad,2026-03-09 17:29:13,0
Paul Adriano,5,nice🩷🩷🩷,2026-03-09 17:16:56,0
Ripon Ahammed,5,what a beautiful,2026-03-09 15:31:03,0
Sakib Hossan,5,Number one company in Saudi Arovia,2026-03-09 15:21:48,0
saher khan,4,good,2026-03-09 14:54:30,0
Rajgop Kanichat,5,excellent,2026-03-09 14:17:25,0
slahudin sallu,5,nice,2026-03-09 13:22:56,0
Qutub Zariwala,5,very good,2026-03-09 12:54:23,0
Md Joy,5,good,2026-03-09 12:40:32,0
Md Rajibul Sk,3,very nice I used the noon application satisfied 😌,2026-03-09 12:21:55,0
Gulshan Sandhu,5,thank you,2026-03-09 11:35:46,0
Torrijos,5,nice 🥰❤️,2026-03-09 10:52:58,0
gudday Raja,5,Noon is good 👍,2026-03-09 09:12:48,0
Ahsan Raza,5,good service,2026-03-09 09:07:02,0
Md Rifat Islam,5,very good,2026-03-09 08:15:57,0
Naresh Chakali,4,good,2026-03-09 08:02:44,0
Naeem Sekh,1,good,2026-03-09 07:39:04,0
chad for real,1,ارفعو التعليق: خدمة العملاء عبارة عن تسليك. اغراضك تتكنسل من دون سبب واضح وما يمديك تسوي شي و تقعد معلق من ثلاث أيام الى ما يعلم الله لا يمديك ترجع فلوسك ولا تطلب نفس الشي. لا تطلب اي شي من (سبريم) حرفياً كذب. لي استخدم نون من قريب السنة على اكثر من جوال و هاذي تجربتي مع نون الي ما كانت احسن شي.,2026-03-09 06:36:07,0
Arshid Rana,5,nice,2026-03-09 06:14:08,0
haseen Sony,5,good noon I'm like bast application,2026-03-09 04:58:41,0
AnvarMLD AnvarMLD,5,good,2026-03-09 04:36:03,0
Syed Masfi,5,Good sarvis,2026-03-09 04:34:15,0
Rana Asif,5,excellent,2026-03-09 04:16:31,0
Mark Beriño,5,Great App. Very Amazing.. nice ☺️,2026-03-09 03:11:02,0
azadari bass,5,its good for online shopping and safe,2026-03-09 01:55:07,0
Youseef Abdo,5,افضل متجر جربتو في حياتي,2026-03-09 01:25:01,0
Mohamed Hassan,5,excellent,2026-03-09 01:10:15,0
Amir Javed Javed,1,not fast service too much late,2026-03-09 00:44:54,0
Yallarenz Tulang,4,The best online shopping Noon,2026-03-09 00:34:57,0
Maher Gharbi,5,good,2026-03-09 00:23:43,0
Dianah Ssegiriinya,5,fastest delivery on everything 🙌 and their products are original,2026-03-08 23:45:28,0
Baburam Gouda,4,good,2026-03-08 23:44:32,0
Habeeb Hassan,5,it's Super Easy To Place Order On Noon Nd Also It's Gets To Quick,2026-03-08 23:42:54,0
RK RAIHANm611,5,Good,2026-03-08 23:31:18,0
Abdul Shukoot,5,excellent,2026-03-08 22:45:17,0
amjad ali,5,Very good,2026-03-08 22:36:16,0
Roshila Tellis,5,best service from the app and the agent thank you 😊,2026-03-08 22:27:32,0
amarat manavar,3,good,2026-03-08 22:26:45,0
Kwesi Appiah,5,Very reliable and fastest delivery,2026-03-08 21:37:38,0
MD:Nayem ISlAM,5,very good,2026-03-08 20:44:07,0
Mir Hossain,5,👍,2026-03-08 20:23:38,0
Thusanthan Thilak,5,it's my first order but I feel better thanks,2026-03-08 20:06:56,0
Haneen Dawoud,5,good,2026-03-08 19:39:25,0
Jasmine Chester,5,even in crisis noon delivers on time. I pray the riders remain safe,2026-03-08 19:25:33,0
luna norespond,2,Tried it to test the app out and prove the people who gave the app low ratings wrong.... Ordered something..... Came broken and refused to work..... Refund/return experience was so complicated...,2026-03-08 19:22:51,0
Anaya Arfat,5,good,2026-03-08 19:11:33,0
Neo,3,"• Noon repeatedly cancels confirmed orders, citing lack of stock, yet sells the same items from the same supplier at a higher price. • Customer service is unhelpful, taking 48 hours to respond with further cancellations, damaging Noon's reputation. • This issue requires senior management intervention.",2026-03-08 19:05:56,0
Muhammad Zafran,1,scamming ... every month they deducted 30AED from my account without any confirmation ...,2026-03-08 18:56:24,0
MD ARIAN,1,too much complicated 😕,2026-03-08 18:17:37,0
yAssii babu,5,very good work noon,2026-03-08 18:10:51,0
Ehab Salama,5,Best App,2026-03-08 16:19:58,0
Jijo J,4,good,2026-03-08 15:54:57,0
Md Ashrafuzzaman,1,"Bad service, I order something and they give me something else, what the..",2026-03-08 15:54:25,0
Afzal Ahmad,3,good,2026-03-08 15:50:07,0
Md Jahidul,5,good,2026-03-08 15:48:10,0
Jeni Kishore,5,Nice app,2026-03-08 14:56:40,0
Diaa Mahmoud,5,good,2026-03-08 14:34:52,0
Muhyudheenta 525,5,amazing,2026-03-08 14:15:28,0
Maryam Ali,5,best delivery app 😍🤩,2026-03-08 14:03:30,0
shahab uddin,5,Very good,2026-03-08 13:49:39,0
jasvir ibban,5,ਵੈਰੀ ਈਜੀ ਨੋਨ ਇਸ ਨੰਬਰ ਵਨ ਐਪ 👋✨,2026-03-08 12:24:34,0
Mohd Nosshi,1,Their food delivery services is very bad. I always get my food either cold or late and their customer service is terrible since they can't do anything regarding the bad service.,2026-03-08 11:52:10,0
GURUdaFANXPro,5,good faster ✌️,2026-03-08 11:48:31,0
Gasser Ashraf,1,اسواء ابلكيشن واسواء خدمه توصيل علي الاطلاق تم سحب مبلغ الفيزا وتم تحديد موعد لوصول الشحنه ولم يتصل احد بي وتم تغيير موعد التسليم اكتر من مرة دون الرجوع لي مما اضطرني لالغاء الشحنه ورد المبلغ,2026-03-08 10:49:35,0
Richard Uy,5,it's fast ordering online,2026-03-08 10:13:31,0
MD IMRAN,5,very good 👍,2026-03-08 09:52:57,0
Adeel Aftab,5,Great,2026-03-08 09:50:32,0
Jikrul Mollah,3,good,2026-03-08 09:39:16,0
Nandlal Jee,1,"Subject: Request to Reinstate Expired Noon Credits (24.79SAR) - Technical Issue Dear Noon Support Team, I am a regular customer of Noon, and I am writing to request your assistance regarding my recently expired 24.79 SAR wallet credits. I was planning to use these credits for my current order of Soybean seeds, but unfortunately, I missed the deadline due to persistent technical issues with my mobile phone. My device was frequently hanging and freezing over the past few days, which prevented me",2026-03-08 09:33:09,0
Arifahammad Nandihalli,4,it's ok user friendly,2026-03-08 09:31:29,0
Abdul Rahman Mohammed Rilwan,1,My orders are not showing in the app,2026-03-08 08:47:35,0
manir islam,5,good,2026-03-08 08:44:13,0
Kabu Maharana,5,ok,2026-03-08 08:33:14,0
Furkan Sheikh,5,easy to use helpful app,2026-03-08 07:27:33,0
Kajee Paran,5,good shipping,2026-03-08 07:23:12,0
Manoj Km,5,Good 👍,2026-03-08 07:12:10,0
Parvej Ansari,5,very good,2026-03-08 07:05:32,0
karunakar ankem,4,good 👍,2026-03-08 06:09:59,0
Abdul Rehman,5,good 👍👍 I love noon,2026-03-08 06:01:51,0
Ch Haroon,5,good platform,2026-03-08 05:25:37,0
Naushad Ahmed,5,👍 Nice,2026-03-08 04:26:16,0
MD Kawsar Khan,5,fasr order,2026-03-08 04:03:15,0
Hiwot legese,5,nice,2026-03-08 03:42:22,0
Live The Life,1,why the app is very slow!!!? the app is very sloooow!!!!!! made me not feeling to shopping anymore!!!! please fixed as soon as possible!!! it takes me hours to see any product!!!!!!,2026-03-08 03:33:41,0
King Khan,2,NOT GOOD,2026-03-08 03:28:48,0
Muss Maia,4,excellent 👍,2026-03-08 03:05:37,0
Rabi Rabeeh,3,good,2026-03-08 02:43:27,0
borhan sorker,5,good,2026-03-08 02:36:33,0
Imtiaz,5,good,2026-03-08 02:31:19,0
Vijay Yadav,5,good,2026-03-08 02:14:45,0
Md Mojed,5,good,2026-03-08 01:45:52,0
Riyaz Alam Ansari,5,GOOD 👍,2026-03-08 01:13:58,0
Kamran Zahoor,5,good,2026-03-08 00:46:20,0
Mohd Ayaj,5,good,2026-03-08 00:43:03,0
Zia Sheikh,5,very good delivery,2026-03-08 00:23:37,0
hassan albalooshi,1,"Very bad experience with Noon 15 Minutes. My order arrived with the wrong items, and one of the products was expired. When I contacted support, they said it would take up to 2 hours to get back to me with a solution. Completely unacceptable for a service that promises fast delivery",2026-03-08 00:02:41,1
Moaz Ragab,3,للاسف الشديد الاوردرات بتتاخر بطريقه بشعه طلبت اوردر يوم 3 مارس تمام اتقالى هيوصل يوم 11 مارس طيب لو عاوز تقدمو ادفع 20 جنيه زياده وهيوصلك يوم 8.يعنى 6 ايام لى بجد يعنى كل دا ع شان اوردر بجد حاجه مش كبيره خااالص انا طلبت اوردر تانى اكبر و اتقل من مكان تانى و جالى ف خلال 3 ايام بس ف اللى هو صباح الفل و غير كدا الشحن نفسو احيانا بتلاقى الكرتونه مفتوحه للاسف نون كويس جدااا ف العروض و صعب تلاقيها ف مكان تانى بس الاهم الجوده !!,2026-03-08 00:00:33,36
Muhammad Faysal Hossain,5,good,2026-03-07 23:00:22,0
Dorcas Rading,4,so far it's good but now the issue comes to when one is trying to verify the phone number....it causes a lot of issues and nuisance especially if the number is not from middle east...please make it easy for people to shop.Allow other phone numbers to have access as well,2026-03-07 22:30:32,0
SAGHEER JUTT,5,very good,2026-03-07 22:21:38,0
Alaa Majid,1,"I was a pro member ordering large orders every single week, but I cancelled it , switched to other providers, and would never recommend NoonFood for anyone. No call centre, no customer service at all not even chat nothing. You pay for the order, it is marked as delivered,and when you try to contact anyone to raise a complaint that order is not recieved, guess what ? no means of contact at all. money deducted and no one gets back to you regarding the compalint ticket you raised!!",2026-03-07 21:40:20,1
Clarissa Coelho,5,Good delivery,2026-03-07 21:30:18,0
GHULAM ABBAS,5,nice noon,2026-03-07 21:04:26,0
Kamal Kamalkhan,5,good,2026-03-07 20:50:41,0
manzoor manzoorkm,5,good,2026-03-07 20:49:59,0
Toqeer Ahmad,5,good apps,2026-03-07 20:41:27,0
Shehab Md,5,nice,2026-03-07 19:50:41,0
Gamal Ahmed,5,ممتاز,2026-03-07 19:23:36,0
saheed k,3,good 👍 m,2026-03-07 18:58:03,0
Mohammed Hameed,3,good,2026-03-07 18:55:10,0
Bala Krishnan c,3,super,2026-03-07 18:52:27,0
Akash 01,4,superb,2026-03-07 18:47:36,0
Its shihab,5,good,2026-03-07 18:15:58,0
Atta Khan,5,This is very good 👍,2026-03-07 17:41:48,0
Multan Multan,5,good,2026-03-07 17:27:53,0
james rohan,2,cash on delivery and shopping is very high,2026-03-07 17:27:04,0
Megasa Twin,5,good,2026-03-07 17:09:14,0
josephine ang,5,Easy to place order,2026-03-07 14:52:52,0
Asha Anto,5,Nice,2026-03-07 14:50:33,0
Muhammed Iqrar,5,good👍,2026-03-07 13:04:36,0
Leah Namusobya,5,very fast than others,2026-03-07 13:04:26,0
M Zain,5,good,2026-03-07 12:37:28,0
ARMAN Babu,5,nyc apss service,2026-03-07 12:24:56,0
bishoy mokhtar,1,اوردرات بتتلغي بدون سبب ومفيش متابعة ، خدمة العملاء ماعندهاش رغبة حقيقية لحل المشكلة ، هندلة العميل وسيبة يزهق هي الطريقة المتبعة,2026-03-07 12:21:02,0
Rajat Sarkar,4,good,2026-03-07 11:54:10,0
Abu sahed Abu sahed,5,good,2026-03-07 11:35:12,0
Mohammad khan Mohammad khan,5,good,2026-03-07 11:24:44,0
ravikumarbangaram chilakapati,5,good,2026-03-07 10:12:42,0
MD Abuzafar,1,good,2026-03-07 10:01:15,0
Aslam Sabir,5,good 👍,2026-03-07 09:50:16,0
Mahmod Elfiki,5,جميل,2026-03-07 09:44:35,0
imteyaz Alam,1,i am happy,2026-03-07 09:24:37,0
syed jani,5,good,2026-03-07 09:15:57,0
Sarifur Rahman,5,I like to order anything from here,2026-03-07 09:06:09,0
Flordeliza Hachuela,5,Very good,2026-03-07 09:00:52,0
Alii Khichi74,5,good,2026-03-07 08:00:48,0
rohit nair,1,24dhs has been deducted for 2nd time without my permission for noon one. No refund or no customer care to ask. Its really unacceptable. so finally i after my final delivery i uninstall noon. and remove all my card details before i do.,2026-03-07 07:41:02,0
Syedhamid Ali,5,very good,2026-03-07 06:18:07,0
Asif Ahmad,4,osm,2026-03-07 05:48:03,0
Ej Emon,5,online shopping very very good app for noon every body please shopping The noon appp ❤️❤️,2026-03-07 04:37:21,0
Zain Saith,5,always on time,2026-03-07 04:30:26,0
Nisar Afridi,5,noon good quality and good product,2026-03-07 04:13:00,0
Atiq Rahman,5,nice 👍,2026-03-07 03:49:58,0
RanaAbdul Rehman,5,good work,2026-03-07 03:16:07,0
Fams,2,good,2026-03-07 03:05:24,0
Kamal Jojo,5,perfect 🥰,2026-03-07 02:43:05,0
Abdul Sukur,1,good,2026-03-07 02:25:32,0
Sohil Kuresh,5,nice,2026-03-07 01:51:58,0
hasim azmi,5,the best apps,2026-03-07 01:50:18,0
Waqar Mehmood,5,Nice,2026-03-07 01:27:35,0
JOVELLE QUIJANO,5,good,2026-03-07 01:22:07,0
Ananthu Raveendran,5,Fast Delivery,2026-03-07 00:38:42,0
DANAK BLACK,2,"The app is easy to use but I placed an order and the delivery date was set for a week later. After a week, I changed my contact number, and then they added another week to the waiting period. This is extremely annoying fourteen days no only but still I had to cancel it because it was a gift for my friend on his birthday",2026-03-07 00:34:21,0
Mohd Shadab,5,100SAR above Order completed 20% discount pay with D60 Ramadhan carieem offers very easy booking. very good Noon Thank you so much,2026-03-07 00:00:09,0
Muhammad Ilyas,5,good,2026-03-06 23:43:40,0
Md Muzammel,5,very good app,2026-03-06 23:30:21,0
Sher Muhammad,5,Very Good,2026-03-06 23:26:50,0
Wasim Akram,5,I wish Give original product,2026-03-06 23:17:58,0
DR. Ridoy mirza,5,good,2026-03-06 22:36:20,0
Firoz Ahamd,5,Exilent,2026-03-06 22:30:57,0
Santosh Pokhrel,5,good service,2026-03-06 22:29:49,0
Mahmmad Saeed,5,good,2026-03-06 21:47:39,0
Maryjo Sibug,5,I'm so thankful,2026-03-06 20:49:28,0
Ara Dguz,5,trusted 100%,2026-03-06 20:41:06,0
Mohammad Abrar,4,nice 🙂,2026-03-06 20:38:42,0
chef mahendra chauhan,1,this app is fraud .I'm in Saudi Arabia taif. I was order the Samsung s25 ultra but in a box not coming mobile only coming a Chingam in box,2026-03-06 20:33:37,0
Mohammed Abdulsalam,5,nicely 😄,2026-03-06 20:15:48,0
ahmed ismail,5,good,2026-03-06 19:54:57,0
Mohammed Ashraf,5,nice,2026-03-06 19:30:14,0
Hafeez Khan,5,Good Experience,2026-03-06 19:02:38,0
Trigy George,5,ordering was easy,2026-03-06 18:53:42,0
Dream Chaser,5,Awesome 👍,2026-03-06 18:48:50,0
Droheemon Swod,5,best service!,2026-03-06 18:43:27,0
Arjun Arjun,2,good,2026-03-06 17:19:30,0
Sachith N Salian,5,Good Service,2026-03-06 17:08:39,0
raguman abdul,5,gud and faster,2026-03-06 17:03:54,0
Fe Infornon,5,good,2026-03-06 17:02:47,0
Yousif Fareed Yousif Abbas,4,love it .. fast clear .. user friendly.. but offers are not fair to me.. they offer only for credit cards,2026-03-06 16:54:01,0
Manoj Biswal,4,nice,2026-03-06 16:50:57,0
Devker Srinivas,5,it's good 👍,2026-03-06 16:36:16,0
Bipin Bipin,5,good app,2026-03-06 16:17:16,0
Masood Akhtar,5,excellent,2026-03-06 15:18:35,0
Waqar Younas,5,I love noon,2026-03-06 14:47:18,0
mhmd Yousaf,5,good job,2026-03-06 14:28:28,0
rukmal kavinda,5,super,2026-03-06 14:25:14,0
Abdullah Sagir,5,good,2026-03-06 13:56:35,0
Shadab Sheikh,5,very very good 💯,2026-03-06 13:30:44,0
Abdullah Khan,5,Zar ie rolegaa,2026-03-06 13:29:54,0
Jasper Surban,5,good,2026-03-06 13:28:07,0
Mr Munazir,5,good,2026-03-06 12:56:18,0
Engr Saimullah Khan,5,Good method for selecting purchasing,2026-03-06 12:55:32,0
Imam Gozali,5,👍😍,2026-03-06 12:30:44,0
abdulwahaboluwatosin abdulwahaboluwatosin,3,Very good,2026-03-06 12:23:30,0
Nikul Rajgor,5,good,2026-03-06 10:59:36,0
MD Danish,5,Excellent App,2026-03-06 09:25:24,0
Edison Perez,5,Good,2026-03-06 09:06:27,0
Qaiser Butt,5,Very good,2026-03-06 08:39:13,0
ahmed farhan,1,خدمة الارجاع سيئة جدا مفيش ارجاع والمناديب غير علي قدر المسئولية,2026-03-06 08:04:45,0
Naveen Das,5,Helpfull and fastest delivery on time 💎,2026-03-06 07:34:06,0
Yeamin Hasan,5,good service 🥰✅,2026-03-06 06:11:58,0
MR kalam,5,Good apps,2026-03-06 05:55:20,0
Sara Mahmoud,5,جيد,2026-03-06 05:37:57,0
Fahid Ahmed Khan,5,good 👍,2026-03-06 05:27:55,0
Seizen Anwar,5,Amazing 🤩,2026-03-06 05:04:14,0
Sahadat Khan,5,nice app nice deal fast delivery good job 👏,2026-03-06 04:05:36,0
Jabed Mahmud,5,thank you noon,2026-03-06 03:39:32,0
Yama Buddha,5,we are happy,2026-03-06 03:26:38,0
Mohd Shoeb,5,good service but cost jyyada,2026-03-06 02:40:23,0
Md Sobhan,5,nice work,2026-03-06 02:32:08,0
Shanto,5,good,2026-03-06 02:31:28,0
Sharifa Amman,5,no thanks,2026-03-06 02:19:35,0
sajid ali,5,good,2026-03-06 01:19:13,0
Md Jaggir,5,awesome,2026-03-06 01:00:59,0
Farrukh Javed,5,good,2026-03-06 01:00:23,0
Subash Rijal,5,very good,2026-03-06 00:15:59,0
Strawberrygirl Strawberries,5,I ordered my first order from my tablet for eiddd so excited,2026-03-06 00:07:36,0
Shamim Hasan,5,very good👍,2026-03-05 23:35:30,0
Shahzaib Ali,5,good 👍,2026-03-05 23:27:21,0
Rana Adil,5,Good luck,2026-03-05 23:07:13,0
MD MASUM Billa,5,good 👍,2026-03-05 22:56:37,0
Abid Ali,5,thanks noon,2026-03-05 22:19:00,0
MD Lokman Mia,5,good,2026-03-05 22:02:16,0
Rahul Cby,3,nic,2026-03-05 21:39:43,0
Rashid Khan,5,Good service,2026-03-05 20:47:56,0
Anil dada,5,all good,2026-03-05 20:38:23,0
Shameer Putha,5,good,2026-03-05 20:27:29,0
Imran Losi,5,great,2026-03-05 20:25:46,0
Dedi Iskandar,5,good,2026-03-05 20:15:09,0
Baseer sheikh,2,good experience,2026-03-05 19:38:38,0
Maffy Montero,4,been ordering here to many times..so far everything is ok,2026-03-05 19:13:46,0
Khalifa Attia,5,Good And thanks,2026-03-05 18:26:44,0
Jerwin Quizana,1,unsatisfied customer. my order was eaten by someone or the rider and not received full refund. i cannot eat the remaining food delivered by your rider.,2026-03-05 18:06:58,0
Abu Abdullah,5,good,2026-03-05 18:04:13,0
Tosif Malik,5,good👍,2026-03-05 17:36:48,0
Seenu M,5,service is good,2026-03-05 17:10:20,0
Omar Elhariri,1,Noon Food is the worst,2026-03-05 17:02:00,0
shafik mia,5,nice,2026-03-05 15:54:58,0
Samah Tarek,1,تحفه,2026-03-05 15:19:53,0
Amr El-Sisy,1,"when the order is missing they refund the amount without delivary or service, so you have to order again with credit and adding another delivery fees and another service",2026-03-05 15:07:21,0
Taran Singh,5,👍,2026-03-05 14:38:50,0
veera guttikonda,5,good response,2026-03-05 14:36:24,0
Musa Bahi,5,"I really like this application. I can get everything from home and it is very fast. Thank you, Noon.",2026-03-05 14:15:38,0
April Ae,5,fast delivery,2026-03-05 14:11:42,0
Mohammad Sajjad,5,ممتاز,2026-03-05 14:00:58,0
MAZHAR SHAH,1,why my every order is cancelled at the time of delivery nonsense app nonsense work,2026-03-05 13:42:01,0
Md. Saiful,5,ok,2026-03-05 13:37:10,0
Adam Ahmed,1,وحش قوي والتسليم بتاعهم بيبقى قرف وكل حاجه فيهم قرف وبعت ومحدش رد,2026-03-05 13:32:25,0
Ayoub Temmali,2,"app is not optimized for Android at all, it's laggy and the return gestures don't work (you have to use the back button on the top left like in IOS)",2026-03-05 13:09:03,0
MD hosen Mia,4,good,2026-03-05 12:50:29,0
RIMAL SABU,5,good,2026-03-05 12:47:57,0
nadzma Misuari,5,I've always used noon because no hassle and the delivery is so good so I gave 💯.,2026-03-05 12:35:26,0
Nari Al Amin,5,very nice,2026-03-05 11:37:20,0
Kabaiku Elizabeth,1,"takes time to send code, then when it comes payment time out",2026-03-05 11:31:04,0
Abdul Majeed,5,Very good,2026-03-05 11:27:18,0
Pro empra,1,good,2026-03-05 11:01:19,0
Arun Das,5,very good,2026-03-05 10:58:01,0
Yasir ALMUALLIM,1,I think noon is good if you are too lazy to go shopping or buy food but not worth spending money for a subscription as there are no benefit prices are high compared to outside and always delivery are delayed and there is always a side fees such as service fees and other rubbishy things and most promo is fake it says 50% but the price is already double what it supposed to be and even the 50% you don't get it,2026-03-05 10:36:33,0
Asrin Asrin,3,👍 👍👍,2026-03-05 09:50:16,0
Mamunur Rashid,5,good,2026-03-05 09:46:47,0
Hef Zow Rahman,4,good 👍 noon,2026-03-05 08:46:34,0
Nishad K T,5,great,2026-03-05 07:42:53,0
Sadam Hussain,5,ممتاز,2026-03-05 06:54:13,0
Shahlom BD,5,Good,2026-03-05 05:33:07,0
Mohammad Mahadi,4,good,2026-03-05 05:29:02,0
Alamin Miya 2288,5,👍👍👍👍,2026-03-05 05:23:57,0
Waqasahmad Waqasahmad,5,good,2026-03-05 04:41:21,0
hossainAkib,3,good 👍,2026-03-05 04:40:21,0
Wajid Mughal,5,very nice service,2026-03-05 03:33:38,0
Adil khan Mardan,5,good,2026-03-05 02:00:34,0
Nayum Ali,5,best,2026-03-05 01:11:43,0
link2islam,5,سهل,2026-03-05 00:43:31,0
Shabeer,5,good,2026-03-05 00:16:43,0
md remonkhan,5,good,2026-03-04 22:53:37,0
mohammad sujon,5,Good,2026-03-04 22:30:31,0
Attique awan,5,Good,2026-03-04 22:06:43,0
Muhammed Umar Maroof Khan,5,quick ordering easy,2026-03-04 21:55:03,0
Israr Rain,4,nice,2026-03-04 21:03:31,0
Rakib Sikder,5,good survice,2026-03-04 20:45:32,0
md anwar,5,good,2026-03-04 20:32:01,0
Mohamad Faiyaz ahmad,5,very good,2026-03-04 20:31:33,0
jamsheer,5,good,2026-03-04 20:05:07,0
Leen Khawaga,5,very good,2026-03-04 20:02:31,0
okoth willy,5,excellent 👍,2026-03-04 19:50:45,0
Md Babo,5,nice,2026-03-04 19:18:15,0
Mani Kanta,2,so good,2026-03-04 19:05:55,0
Creed Apollo Nelmida,5,impressive service.,2026-03-04 18:45:39,0
syed Ali,5,very good 👍,2026-03-04 18:13:14,0
Ryan Pabro,5,ok,2026-03-04 18:12:45,0
MD irshad Ansari,5,good,2026-03-04 18:12:18,0
Rajeev Ranjan,1,"I have uninstalled this application as it doesn't seems to be worthy. Even on adding too many items they are still charging delivery fees. Also, whatever bank's card you will have, only for those cards no any offers will be available rest for all uselsss cards vouchers or offers will be there. So, for me it is not worthy ..",2026-03-04 17:33:44,0
Amrit Choudhary,5,good service 👍👍👍,2026-03-04 17:28:08,0
md mahbub,5,good,2026-03-04 17:21:31,0
Sandeep Patel,5,i am my first try on this platform..,2026-03-04 17:10:55,0
Aadesh Thakuri,5,good,2026-03-04 16:49:52,0
Md Tarik Anwar,5,very good 👍,2026-03-04 16:45:32,0
Awais Anwar,5,very good,2026-03-04 16:30:19,0
Nour Abdulrahim,2,The app doesn't apply coupon fairly and it adds different fees even after completing the order and after Shipment,2026-03-04 16:12:22,0
Boss Boss,4,Good,2026-03-04 16:09:47,0
Md.Nisad Alam,4,nice,2026-03-04 16:03:49,0
Nabeel Farooq,5,Excellent App quick service,2026-03-04 15:33:32,0
Simbajon Cyriel,5,nice,2026-03-04 15:32:35,0
Shahid Yousuf,5,noon u the Best,2026-03-04 14:32:30,0
Santosh,4,Good,2026-03-04 13:41:34,0
Toaqeer Ayyan,5,thank you so much noon app,2026-03-04 13:15:12,0
Krishan Harendra,5,extremely good app,2026-03-04 13:07:04,0
Mildred Parnoncillon,4,"Hassle free, fastest delivery!",2026-03-04 12:56:47,0
amirshy fdo,5,good,2026-03-04 12:55:02,0
Muhammad Fiaz,5,great,2026-03-04 12:46:35,0
Sujay Vyas,5,good,2026-03-04 12:42:29,0
MjoyGrajo30 MjoyGrajo30,1,this is Ng 1st time .. I will try it now if you having a good services thank you.. hopefully my items it's been safe to diliver.thank you,2026-03-04 12:08:50,0
Rananadeem333333 Nadeem,5,Good job,2026-03-04 12:06:40,0
Muhammad Waqar,5,I love you noon amazing 😍 best online shopping 💓🛍️,2026-03-04 11:38:04,0
Aftab Ali,5,best app,2026-03-04 11:23:50,0
Abou Walid,5,thank you,2026-03-04 11:19:53,0
Nidhi Jankhi,3,Nice,2026-03-04 11:12:18,0
Masood azmat,4,good but delivery charges problem,2026-03-04 10:47:45,0
Tinashe Matenga,5,great,2026-03-04 10:41:31,0
Mehedi Hassan,5,nice,2026-03-04 10:31:14,0
Sk Javed,4,nice,2026-03-04 10:05:18,0
Tumi Khoza,5,great,2026-03-04 09:41:28,0
paul kM,1,very poor support. i called to report counterfiet products and the agent doesnt even know where to transfer the call. there are duplicate/counterfiet products which i found and told them that the manufacturer also confirmed this. But there is no option on noon to report such vendors,2026-03-04 08:02:45,1
MD NAZRUL ISLAM,5,good discount app,2026-03-04 06:43:47,0
Abdulah Salah,5,البطلللل,2026-03-04 06:24:27,0
Romaan Amir,4,nic,2026-03-04 06:10:16,0
Nido Rajpoot,5,Good,2026-03-04 05:51:54,0
Ali Newaz,4,Good,2026-03-04 05:00:23,0
Imran Ourtis,5,🙌🙌🙌✌,2026-03-04 04:44:11,0
Yaseen Abbas,1,very bad very 👎 👎,2026-03-04 04:43:45,0
Sadardeen chachar,5,Very nice noon team,2026-03-04 04:25:27,0
Jishan Gaud,5,good For shopping,2026-03-04 04:02:45,0
Malik Rizwan,5,nice,2026-03-04 04:02:40,0
Jai Sriram,5,good service 💯,2026-03-04 04:00:40,0
Abhi Hussain Shaikh,5,excellent app👍,2026-03-04 03:57:31,0
Usman Khan,4,Best purchasing app ever on demand,2026-03-04 03:34:33,0
Rakesh I Dont No Rake,5,good,2026-03-04 03:16:16,0
irshad idrisi,5,good,2026-03-04 03:05:52,0
Shahzad Brohi,5,thkins,2026-03-04 03:03:57,0
Mohaimen Macala,5,🤩,2026-03-04 02:51:22,0
Mohamed Hashem,1,very bad noon they cancel order that I was having cupon discount so bad,2026-03-04 02:27:06,0
Mohammad Ruhayyem,5,Thank you very much for everything.,2026-03-04 01:55:14,0
Youssef Gohar,5,جامد جدي,2026-03-04 01:22:04,0
Ramees khan,5,good,2026-03-04 00:49:56,0
Salman Khan,4,good luck 👍,2026-03-04 00:41:53,0
Rokib Ahammod,5,good service 😊,2026-03-04 00:25:35,0
Fimnas Km,5,Good,2026-03-04 00:09:38,0
Nasra Mohamed,5,mashaallah it's not hard to order 😘,2026-03-03 23:52:33,0
Rajib Rashid,5,good apps for KSA,2026-03-03 23:20:35,0
Md salam,5,very nice noon,2026-03-03 23:03:00,0
Eyasus Koo,5,thank 😊,2026-03-03 22:53:47,0
Maj Daa,5,❤️❤️,2026-03-03 22:51:10,0
Jakir Hossain,5,thank you,2026-03-03 22:06:47,0
Yaseen Alhendi,2,كان المفروض التوصيل الليلة، بعد الدفع تغير التوصيل للبكره,2026-03-03 21:59:34,0
Sonu kumar Mandal,4,good,2026-03-03 21:33:08,0
Delowar hossain,5,"I use noon first time, if noon give good service and give good quality product. i will stay with noon long time.",2026-03-03 21:31:54,0
Ahmed A,5,"we love shopping on Noon, Quality product, services and support. Hassle free Returns.",2026-03-03 21:30:51,0
M syed Wajid Syed,5,Good service,2026-03-03 21:21:22,0
Md Shorab,5,good,2026-03-03 20:32:57,0
Ibrahim Elsayad,3,يظهر امامى اكواد خصم يتم ادخالها وعند الدفع لاتطبق ممكن يكون ليها شروط وانا غير فاهم بشكل كافى,2026-03-03 20:22:19,0
Markhor,5,good,2026-03-03 20:08:21,0
sup er,5,good,2026-03-03 19:59:37,0
Ravi Anmol,4,super and fast,2026-03-03 19:57:38,0
Md Sagor khan,5,good,2026-03-03 19:50:33,0
fofo alhamdan,5,i love noon products 😍,2026-03-03 19:36:54,0
Karim Ulla,3,ok,2026-03-03 19:13:24,0
Ahmad Raza,1,noon is very good,2026-03-03 19:09:03,0
Zafar,4,good,2026-03-03 18:38:28,0
Rana Ahmed,5,this app amazing 🥰,2026-03-03 18:35:37,0
Basel Ali,5,👍,2026-03-03 18:32:32,0
Safiullah Ansari,3,good,2026-03-03 18:24:59,0
samo syrian,5,nice offers 👍,2026-03-03 18:13:45,0
iren evangelista ilao,5,this easy apps to order for just a minute you will get it.,2026-03-03 17:38:59,0
Sheikh Shahab,2,nothing not special,2026-03-03 17:24:41,0
Katherine,5,Happy,2026-03-03 16:55:56,0
Janib Khan,4,thank..,2026-03-03 16:44:19,0
SALIMKHAN A,4,good,2026-03-03 16:26:39,0
Khaled Ismael,5,الابليكيشن جميل وسهل والاسعار والعروض وخاصة التوصيل والتغليف ممتازة أحسن من أمازون,2026-03-03 15:28:52,0
Sharafudheen Tdy,5,good,2026-03-03 15:27:38,0
Mohamed Syed Abdul Rahman Alfasi Mohamed Osman,3,Express but will be delivered on Tomorrow,2026-03-03 15:15:19,0
Prakash H,4,good offer,2026-03-03 14:51:36,0
Vivek Rajendran,5,Great going,2026-03-03 14:18:27,0
Romankhan Romankhan,5,plz add AL Azmin perfume. they have very good and long lasting perfumes. new gold souk,2026-03-03 13:47:44,0
mohd vasi,1,good,2026-03-03 13:45:30,0
Shadow,5,excellent service,2026-03-03 13:18:51,0
Sam Sharbali,2,orders get cancelled without prior notice and without any justification,2026-03-03 13:13:57,0
Yazeed Ahmed,5,حلوووووووووووو اوييييييييي,2026-03-03 13:04:49,0
Aishwarya Ganesh,1,Unfortunate experience with the app and customer services as well. Do not add your card to their app.,2026-03-03 12:18:13,0
Ali Ahmed,5,it's like amazon but cheaper,2026-03-03 11:03:27,0
YOUNESS Oz,5,Good,2026-03-03 10:38:43,0
Akhlak Rahman,4,good 👍,2026-03-03 10:04:41,0
Kyoon Kaise,5,noon is very good i like purchase with noon,2026-03-03 09:56:33,0
Houssam Chahine,1,"Very bad experience. The app shows items as available, but after placing the order, the company calls to inform me that the items are not available. This wastes my time and forces me to request a refund. In addition, the driver often arrives late and the food arrives cold. Overall, this has been very disappointing, and I will stop using the app.",2026-03-03 09:51:02,2
mustafa mustafa,5,great service,2026-03-03 09:29:42,0
Muhammad Sajid Siddiqui,5,"excellent service and Quality of items available at noon delivery and reliability number one,the Issue only 6 split payment through tabby lock 🔒 but showing pay in 6 interest free in noon app please resolve?",2026-03-03 09:04:10,1
saimani kandan,5,Good,2026-03-03 09:03:38,0
Md Ahsan,5,good,2026-03-03 08:31:29,0
Basit Raza,5,Great app,2026-03-03 06:36:29,0
Mohd waris Akhtar shah,4,nice work 👍,2026-03-03 04:59:52,0
Rodel Candelaria,5,excellent,2026-03-03 04:00:49,0
Mariel Marz,1,I had bad experiences in this app and customer service doesn't exist. oh well I had ordered so many in the app so I guess its time. very frustrating,2026-03-03 03:47:13,1
Nashim Noushad,4,Nice 👍🏻,2026-03-03 03:46:20,0
Dea Ga,5,one of the best app ever I really happy to shopping this platform,2026-03-03 03:28:58,0
Yassoo Yassoo,5,This app is very good and have honest,2026-03-03 03:13:09,0
Nishad Abdul Salim,2,"waiting for the delivery, when I received the product after I will update the qulity and service",2026-03-03 02:48:57,0
Easin Hossain,5,good,2026-03-03 02:46:02,0
Md Altamash,5,excellent,2026-03-03 02:08:03,0
M O H A M E D A S H I Q,5,good job,2026-03-03 01:49:16,0
jrue Collamar,5,it's very good for me,2026-03-03 00:37:43,0
azmat ali,5,nice service,2026-03-03 00:35:19,0
Md Hhh,5,good,2026-03-03 00:18:03,0
Waqar Amin,5,Good day GOOD JOB,2026-03-03 00:13:23,0
GLORIA “Ghie” BUEZA,5,noon is very accommodate service...,2026-03-02 23:45:54,0
Ali,5,very good app,2026-03-02 23:45:24,0
syed abdullah khalid,5,awesome app,2026-03-02 23:37:20,0
A K indian,5,السلام,2026-03-02 23:12:52,0
Sarim Ali,5,better app,2026-03-02 22:56:22,0
Amar Afghan,5,good👍,2026-03-02 22:41:14,0
Muhammed Sohan,5,very good,2026-03-02 22:32:37,0
Sami Sami Ullh Khan,4,good service,2026-03-02 22:03:33,0
Ajhar Tyagi,5,vv good,2026-03-02 21:30:27,0
Haseen Akhtar,4,good,2026-03-02 21:28:34,0
Omar Abo elmkarem,5,thank you noon ❤️💯,2026-03-02 21:27:25,0
Hazem Mohamed,5,the best app,2026-03-02 21:12:42,0
Rohit,5,exilent,2026-03-02 21:09:28,0
Jamila Fekry,5,very good 😊,2026-03-02 20:34:24,0
Pavan Prahaladha,5,good,2026-03-02 20:34:23,0
Apsana Nasrin,1,they have some fake seller who just take money and doesn't deliver right product. Don't order anything from Noon.,2026-03-02 19:41:08,0
Cody Brauns,1,Frustrating App to use. Slow.,2026-03-02 19:37:49,0
Afroj Alam,5,good,2026-03-02 19:00:11,0
Thuhaib AG,2,very slow,2026-03-02 18:51:41,0
MOHAMED AlSaady,4,شكرااا,2026-03-02 18:27:28,0
Catheraine P,1,Used to be good. Now it becomes the worst app,2026-03-02 17:59:08,0
Noureen Elkahky,5,البرنامج كويس جدا,2026-03-02 17:16:28,0
Dona Paran,5,"very good app market, easy to order the items you need if you don't have time to go outside especially this Ramadan ❤️ thanks noon",2026-03-02 16:29:59,0
nash3.214,5,best item and good quality and service,2026-03-02 16:22:18,0
Zeeshan Akhtar,5,good,2026-03-02 16:14:13,0
Bu khalid,1,فرق كبير بين تجربتي معه وتجاربي مع امازون,2026-03-02 16:04:51,0
Geonita Soriano,5,NOON DELIVERY IS THE FASTEST....RXCELLENT...!!!,2026-03-02 15:36:14,0
Nawas Khan,5,very good offer,2026-03-02 15:14:44,0
chandan singh,5,very good service,2026-03-02 15:05:29,0
Oden Kozuki,1,deceiving delivery time,2026-03-02 15:04:47,0
Bhaskar Bhasme,4,👍,2026-03-02 14:51:19,0
Alluixa Velasco,5,very good,2026-03-02 14:07:59,0
Muhammad Imran,5,good,2026-03-02 13:54:59,0
Md Rofiqul,5,good,2026-03-02 13:16:53,0
Jihad King,5,good,2026-03-02 13:06:16,0
Sita Khadka,5,good service,2026-03-02 12:46:58,0
Waqas Saqi,5,very good Work MASHALLAH 👍 Nice Service,2026-03-02 11:02:06,0
Shaz,5,best,2026-03-02 10:27:18,0
Remoon Kamal,5,very good application,2026-03-02 10:25:19,0
yashpal chauhan,5,good app,2026-03-02 07:52:07,0
Jonathan Castro,5,excellent,2026-03-02 06:45:45,0
Yambahadur Magar,5,good,2026-03-02 05:32:42,0
LEAH JOIE SANTUA,5,"It's my very first time using the application, I find it fast and convenient to select and choose my desired item. Now I'm just waiting for my order... hopefully it is as reliable as the application regards their services as promised. I'll surely give feedback after receiving the items purchased. God speed!",2026-03-02 05:12:50,2
Ruman khan,4,good app for online shoping,2026-03-02 03:45:06,0
Shehryar Khan,5,Good,2026-03-02 03:35:07,0
hossam ghit,5,❤️,2026-03-02 03:33:26,0
MD Mokramin,4,good,2026-03-02 01:00:09,0
Nizar Nizu,5,good,2026-03-02 00:39:36,0
Md Tabrez Alam,5,great,2026-03-02 00:15:13,0
Ahmad Butt,5,good,2026-03-01 23:57:46,0
NABEEL 931,5,Good 👍,2026-03-01 23:29:15,0
Samiul Islam,5,Amazing,2026-03-01 22:38:45,0
ASIYA Begum,5,good,2026-03-01 22:38:37,0
Farman Ullah,5,very good and helpful,2026-03-01 22:29:44,0
Md. Asaduzzaman শাওন,5,service good,2026-03-01 22:11:03,0
Ch Ch,5,good,2026-03-01 21:36:27,0
Amjad pathan,5,good,2026-03-01 21:31:13,0
Seraph Gaming,5,good,2026-03-01 21:17:43,0
abdalla altijani,5,None is impossible with Noon😎,2026-03-01 21:14:37,0
Sairul Seikh,4,very good,2026-03-01 21:13:10,0
sharif mahmud shuvo,5,incredible😍,2026-03-01 20:50:33,0
jaseer AB positive,5,🔥🔥🔥,2026-03-01 20:46:57,0
Rana Sikander Rana,5,goodd,2026-03-01 20:32:40,0
Sameer Mehrban,5,nice👏😊👍,2026-03-01 20:07:04,0
Hussain Peera,5,very very good,2026-03-01 20:04:49,0
shiyas ps,4,👍,2026-03-01 20:01:06,0
Dhruvraj Singh,4,good,2026-03-01 19:59:18,0
Alaa Mostafa,5,fantastic,2026-03-01 19:52:55,0
Farah Arshad,4,nice,2026-03-01 19:50:19,0
Zeeshan Ali,1,fake suhoor deals making people fool some products which look discounted offers that sold out after the count down time finished. it doesn't even take 0.5 seconds to sold disgusting,2026-03-01 19:33:19,0
abdul wahab Bin asif,5,good noon I love it,2026-03-01 19:19:38,0
Hashim Najar890,5,very good app,2026-03-01 19:17:35,0
John Maricu,5,My dreams items come true,2026-03-01 19:14:44,0
Rana Ikram,5,good,2026-03-01 19:06:07,0
Chimsey Chimsey,5,fst deliver,2026-03-01 18:55:55,0
saravana kumar,5,good,2026-03-01 18:30:38,0
Kasim Kasi,5,i like very good platform,2026-03-01 18:23:35,0
Jam Faisal,5,Good,2026-03-01 18:14:31,0
Zeshu Zeeshan,5,good,2026-03-01 18:09:16,0
Amir Osama,5,شركه جميله,2026-03-01 17:53:34,0
krishna khand,5,Good service thanks,2026-03-01 17:53:04,0
Malik Mondal,5,good 👍🏻,2026-03-01 17:37:08,0
Lukman Bello,5,excellent app,2026-03-01 17:30:48,0
Think,5,very good app with many items for sale,2026-03-01 17:05:12,0
mondi ann,4,not bad,2026-03-01 16:48:20,0
KVijay official,5,very good,2026-03-01 15:54:57,0
Ahmed Hafeez,5,Good,2026-03-01 15:49:39,0
Mildred Akoth,5,I love the service because it's quick and affordable,2026-03-01 15:44:43,0
Saleh Abdelhadi,1,apps crashes every day at 3 pm can't order anything,2026-03-01 15:03:53,3
Wael Abd El-Halim,1,"Dear Customer Service Team, I have already contacted UAE customer service regarding my complaint, and I was informed that management decided to close the case because the watch was purchased three years ago, and complaints should be raised within 15 days. With all due respect, I am very disappointed with this response. I trusted your brand and purchased the watch directly from you expecting quality and proper support. If I am required to deal directly with a service center without any support",2026-03-01 15:01:22,0
qualityair conditions,5,SO GOOD,2026-03-01 14:53:34,0
Md Nahid Hasan,4,good,2026-03-01 14:49:38,0
Lovelyhan Timpulok,4,Good,2026-03-01 14:44:53,0
younus chandpur,5,good,2026-03-01 14:32:21,0
kudbuddeen Salmani,5,very good,2026-03-01 14:28:16,0
Zaynab Mohamed,5,البرنامج فوق التقيمممم,2026-03-01 14:01:31,0
Babar Khan,2,ok,2026-03-01 13:46:26,0
Suraj Gurung,5,great,2026-03-01 13:42:58,0
mariam said,4,تحفهه,2026-03-01 13:30:48,0
Ali Siddiqui,5,good 👍,2026-03-01 12:14:27,0
Jahid Khan,5,good,2026-03-01 12:13:23,0
Rizwan Rizwan,5,Good,2026-03-01 11:12:17,0
Khalid Shabbeer,5,noon best app,2026-03-01 10:51:18,0
VISHNUSUGIRTHAN RL 334,5,good,2026-03-01 10:22:15,0
RANA ADNAN,5,noon best material is good 👍 thanks noon,2026-03-01 09:18:29,0
Md Rahim khan,5,I love Noon,2026-03-01 09:17:43,0
Anwer Khan S,4,Good service,2026-03-01 08:25:08,0
Salmankhan khan,5,very good,2026-03-01 08:11:47,0
Dillan Chanda,5,cool,2026-03-01 07:40:56,0
Altamash Khan,5,good going,2026-03-01 07:29:34,0
Mister Shehryar,5,thanks for you,2026-03-01 07:00:40,0
krishna mohan,1,good,2026-03-01 06:52:34,0
Shumaila Usman,5,good 👍,2026-03-01 03:47:48,0
Hs Hadi,1,good,2026-03-01 03:40:58,0
Kay,2,can your dumbass app show only opened restaurant instead of closed ones,2026-03-01 03:11:20,0
Faizal Mohamed,4,please give me discount,2026-03-01 02:57:51,0
Hassan Mustapha Bolaji,5,Nice meeting you noon,2026-03-01 02:33:06,0
MD Shanto Khan,5,nice noon,2026-03-01 02:09:26,0
Shakir Gulzar,5,very excellent application,2026-03-01 01:44:16,0
ezaj ali,5,nice,2026-03-01 01:36:38,0
Adi oye Jutt,5,good app,2026-03-01 00:35:51,0
abdul majid,5,fast delivery,2026-03-01 00:10:56,0
Sonu Darakasha,5,good,2026-03-01 00:07:07,0
Poli Riyaj,5,nice,2026-03-01 00:00:36,0
Azim Khan,5,Good 👍,2026-02-28 23:54:12,0
Bismilla Rahamanrahim,1,Ok,2026-02-28 22:58:11,0
Hasan Ansari,5,exelent,2026-02-28 21:57:58,0
RHEA JANE DADONG,5,"Easy, and convenient",2026-02-28 21:54:09,0
angkan mueid,5,good 😊,2026-02-28 21:40:30,0
Zahir Rehman,5,good 👍,2026-02-28 21:25:06,0
Jutt Bhai,5,nice,2026-02-28 21:23:49,0
Alaa Khairy Shalan,5,excellent,2026-02-28 21:12:52,0
Mohammad afjal Khan,5,very good quality 👌 thanks,2026-02-28 21:02:39,0
Rajat1908,1,Running big scam by selling food at high prices. Noon 15 minutes is another scam where these people don't deliver on time by taking high deliver charges. Really Pathetic.,2026-02-28 20:34:47,0
Mozibor Rahaman,5,awesome,2026-02-28 20:34:42,0
Sagor Rana,5,this is the good app,2026-02-28 20:33:01,0
Nashik Udayar,1,"overall the app is good, but when it comes to offers it will just give false hope. This app is full of lies",2026-02-28 19:33:05,0
benna grg,5,very fast and easy,2026-02-28 19:27:24,0
Shabi all Ramen,5,"Thank you sir,",2026-02-28 19:24:12,0
Riaz Ghazi,5,Good Work,2026-02-28 19:19:53,0
Khurram Mughal,5,good experience,2026-02-28 19:02:06,0
"MD., Sahil",5,good app 👍👍👍😊😊😊,2026-02-28 18:18:00,0
Habiba Mamdouh,5,جميل,2026-02-28 18:11:18,0
Ansari Navajis,4,nice,2026-02-28 18:02:50,0
Sadiashebhaz Shebhaz,5,❤️,2026-02-28 15:45:23,0
Alamgir Seikh,3,Good,2026-02-28 15:43:56,0
Jithesh Jithu,4,nice,2026-02-28 15:22:57,0
Tanzil Imam,4,good,2026-02-28 15:19:45,0
Jasim iqbal Jasim,5,nice,2026-02-28 14:00:36,0
rizwan mohd,5,good service,2026-02-28 13:06:40,0
Rahmat Khan,5,good,2026-02-28 12:22:06,0
Nadim Khan Nadim Khan,5,good,2026-02-28 12:15:14,0
Wkeel Ahmad,5,good 👍,2026-02-28 11:54:02,0
Sahil313 Zaidi,5,good,2026-02-28 11:07:32,0
Wedesi JLT,5,send fast,2026-02-28 10:24:20,0
Nithin P Joy,5,Good,2026-02-28 09:38:03,0
KALPANA SHRESTHA,5,I you,2026-02-28 09:00:01,0
Maryanne,5,satisfied,2026-02-28 08:53:55,0
Mohamed Nasser,1,good,2026-02-28 06:41:52,0
AZiZ KHAN,5,awesome 👍,2026-02-28 05:47:45,0
ATEEQ RAJA,5,great...,2026-02-28 05:31:38,0
LOTUS securities kdp,5,good,2026-02-28 05:30:35,0
Muhammad Shahzad,5,good app,2026-02-28 04:50:33,0
Yakubu Osman,5,very good,2026-02-28 04:24:23,0
Mohammad Naseem,5,good,2026-02-28 04:12:33,0
Muhammad Sharaz,5,loving,2026-02-28 04:05:45,0
Imran Khan,5,good 🥰,2026-02-28 04:02:46,0
Mohammed Antar,2,التوصيل سيئ المناديب عندهم استعداد يرمولك المنتجات في الشارع المهم انه يروح بدري,2026-02-28 04:00:57,0
Tabassum Hussain,5,good,2026-02-28 03:36:08,0
Arfin 33,5,good,2026-02-28 03:33:26,0
Javaid Iqbal,5,Technologya,2026-02-28 03:15:01,0
Sheikh As Sabiur,5,very easy to use,2026-02-28 02:57:18,0
Faizan Malik,5,overall experience is good 💯😊 setified,2026-02-28 02:53:16,0
Md parvez Kasab,5,very good👍,2026-02-28 02:43:22,0
Choudhry Nido,5,Awesome app and awesome company.,2026-02-28 01:58:28,0
Md Khaled,5,nice,2026-02-28 01:51:01,0
shahd Ehab,5,تحفه بجد,2026-02-28 01:50:33,0
Mr Miraz,5,Amazing 🥰🥰🥰💝,2026-02-28 00:55:22,0
Abul Kalam,2,good,2026-02-28 00:44:02,0
Ahammed -ap,2,wow,2026-02-28 00:34:20,0
Asif Jaha,5,good,2026-02-28 00:30:34,0
Mn Tarek,5,Good noon,2026-02-27 23:57:06,0
Andre Alshekh,5,gooood,2026-02-27 23:16:10,0
Md Shakil,5,"loss my car mony,",2026-02-27 23:09:58,0
Safee Safeek,5,very good,2026-02-27 22:47:59,0
Maged Mohamed,5,nice thank you,2026-02-27 22:44:22,0
Asif Manzar,5,great value of items,2026-02-27 22:11:47,0
Sirtaj Khan,5,good,2026-02-27 22:00:02,0
Umer Zfold,5,good,2026-02-27 21:56:36,0
Ahmed Abdul kawy,5,حلو,2026-02-27 21:48:11,0
Dilshad Azmi,5,Nice 👍,2026-02-27 21:37:28,0
Zeelani Mohd,5,good,2026-02-27 21:32:31,0
Al-Amin Alve,5,good,2026-02-27 20:41:17,0
ik imran khan,5,Amazing service Thank you noon,2026-02-27 20:16:48,0
arif ahmed arif video,5,nice,2026-02-27 19:59:21,0
Asgar Shaikh,5,good 👍😊,2026-02-27 19:54:15,0
Faraz Arshad,5,Fraud - Not Delivered but charged please avoid this app,2026-02-27 19:42:40,0
Md Dalim,3,nice,2026-02-27 19:40:06,0
Abdulrahman Allui,4,Mashaa Allah,2026-02-27 19:39:53,0
Sahil Rocky,4,good,2026-02-27 19:34:57,0
Ashutosh Kumar,1,i like noon,2026-02-27 19:33:19,0
Hassan Tasir,5,Good Response,2026-02-27 19:22:11,0
Multiple Information and entertainment,4,good,2026-02-27 19:20:41,0
Gurjant,5,good,2026-02-27 18:59:37,0
JASIM CARS RAK,5,good service 👍👍,2026-02-27 18:56:05,0
Aqeel Raja,5,Trusted 👍🏻,2026-02-27 18:44:45,0
Md Md,5,great app,2026-02-27 18:33:14,0
Md Badrunddin,5,nice,2026-02-27 18:17:02,0
Longlife Long life,5,Good,2026-02-27 18:10:29,0
Noorai Ahmad Khan,5,good service,2026-02-27 18:08:55,0
Jefferson Etnerfacir,4,"I pay for extra money to make priority my order and to delivered fast ,still not coming my order ..",2026-02-27 17:38:06,0
MD Rasel Alam,5,very good,2026-02-27 17:28:06,0
Rafi Chowdhury,5,Good,2026-02-27 16:13:23,0
Wassem Mohab,5,nice,2026-02-27 16:08:26,0
Paresh Bandekar,5,super fast purchase and delivery soon within one day..too good super .. recommend to every online user ...,2026-02-27 15:52:16,0
Jeje gyal,5,great,2026-02-27 15:45:59,0
Gulbahar Ali,5,nice,2026-02-27 15:41:54,0
Izzat Badawi,1,Installation service very bad and no one cares,2026-02-27 15:38:31,0
Raj Kumar Tiwari,5,good,2026-02-27 15:31:08,0
Amarjeet Kumarsingh,5,good luck,2026-02-27 15:21:26,0
mustafa mahmoud,5,ممتاز,2026-02-27 15:18:55,0
Bibas Thapa,5,good apps and services 🫡🫡🫡,2026-02-27 15:08:49,0
Harsh Sahu,3,good,2026-02-27 14:52:50,0
Mohamed Mostafa Serafi,5,excellent service,2026-02-27 14:51:57,0
Md Jahangir,5,God app,2026-02-27 14:30:37,0
ASHKAR VA,5,good,2026-02-27 14:27:43,0
Ekhlaq Ansari,4,very good 👍,2026-02-27 13:55:29,0
Chudasama Nishit,5,good,2026-02-27 13:47:00,0
Dike fenira,5,very good olshop,2026-02-27 13:39:27,0
Abu thahir,3,too slow,2026-02-27 13:26:25,0
Amina Alsaati,5,very good application 👍,2026-02-27 13:05:07,0
Shafeek Ali,5,shafeek kapra,2026-02-27 13:04:42,0
AHMED TOLBA,3,lagging,2026-02-27 13:01:40,0
Ibrar Khan,5,excellent,2026-02-27 12:31:08,0
Kather Jamal,5,good,2026-02-27 11:52:11,0
Md Ibrahim,5,I need now,2026-02-27 10:48:56,0
Yousef Mohamed,5,نيس,2026-02-27 10:42:46,0
Md Monju,5,i love noon god all podak,2026-02-27 10:19:23,0
Thiri Naing,5,I like,2026-02-27 10:08:07,0
tara singh,4,👍,2026-02-27 09:13:03,0
Dipankar Jena,5,nice,2026-02-27 09:02:47,0
somrat sk,5,good,2026-02-27 07:22:02,0
ahmed saif,5,good,2026-02-27 06:49:48,0
Shami Mf,4,Very good apps,2026-02-27 06:43:38,0
macharia mwangi,5,"fast, reliable and convenient esp. in payments.",2026-02-27 06:41:13,0
Zarkash Shani,5,good service,2026-02-27 06:41:06,0
Amit Amit. K,5,good,2026-02-27 06:36:12,0
amna alsuwaidi,4,"I have been using this app for years now. I Its my go to app for groceries and food orders. It is convinient, easy to use and quick. But recently.. I felt disturbed by some of the in-app ads when I searched for peronal appliances that were not even related to the ad. Considering the modest nature of this country's culture and islamic teachings, I found the ad to be inappropriate, I have seen children use the app too. please remove those ads.",2026-02-27 06:26:35,6
Ahamad Khan,4,fast delivery and good product,2026-02-27 06:10:27,0
Sajad Bhi jan,4,ممتاز,2026-02-27 05:30:08,0
Bilal ahmad,5,nice,2026-02-27 05:29:40,0
Muhammad Raza,5,great experience,2026-02-27 04:47:02,0
Afridi Sniper MA98,5,great,2026-02-27 04:17:48,0
Mohamed,5,Good,2026-02-27 03:54:11,0
KpK Mashwani,5,good service,2026-02-27 03:43:58,0
Masood Ahmed,4,good,2026-02-27 03:25:39,0
Oliver Pingol,5,Good,2026-02-27 02:11:55,0
Jamal Usmani,4,good very nice,2026-02-27 01:54:23,0
Dilshad Ahmad,4,good,2026-02-27 00:50:04,0
Abdul Gafoot,5,This is good scheme and support to instalment way to purchase items.,2026-02-27 00:47:12,0
Vishnu Rs,5,its good,2026-02-27 00:44:06,0
javed iqbal,5,Thank you for your very good services noon.. 🥰,2026-02-27 00:10:36,0
Fatma fs,4,"It's a good app, I just had issues with the delivery guys but hopefully things are better now",2026-02-26 23:52:14,0
Abu Hafiz Khan,5,Good,2026-02-26 23:06:11,0
Kasam Kasam,2,❤️❤️❤️❤️❤️❤️❤️❤️❤️❤️❤️❤️❤️❤️❤️❤️❤️❤️❤️❤️❤️❤️❤️❤️❤️❤️❤️❤️❤️❤️❤️❤️❤️❤️❤️❤️❤️❤️❤️❤️❤️❤️❤️❤️❤️❤️❤️❤️❤️❤️❤️❤️❤️❤️❤️❤️❤️❤️❤️❤️❤️❤️❤️❤️❤️❤️❤️❤️❤️❤️❤️🥰❤️🥰❤️🥰❤️🥰❤️❤️❤️❤️❤️❤️❤️❤️🥰❤️🥰❤️🥰❤️❤️❤️❤️❤️❤️❤️❤️❤️❤️❤️❤️❤️❤️❤️❤️❤️❤️❤️❤️❤️❤️❤️❤️❤️❤️❤️❤️❤️❤️❤️❤️❤️❤️❤️❤️❤️❤️❤️❤️❤️❤️❤️❤️❤️❤️❤️❤️❤️❤️❤️❤️❤️🥰❤️🥰❤️🥰❤️🥰❤️🥰❤️🥰🥰❤️🥰❤️🥰❤️🥰❤️🥰❤️🥰❤️🥰❤️🥰🥰❤️🥰❤️🥰❤️🥰❤️🥰❤️🥰❤️🥰❤️🥰❤️🥰❤️🥰❤️🥰❤️🥰❤️🥰❤️🥰❤️🥰🥰❤️❤️🥰❤️🥰🥰❤️🥰❤️🥰❤️🥰❤️🥰❤️🥰❤️🥰❤️🥰❤️🥰❤️🥰❤️🥰❤️🥰❤️🥰❤️❤️🥰🥰❤️🥰❤️🥰❤️🥰❤️❤️🥰🥰❤️🥰❤️🥰❤️🥰,2026-02-26 22:55:06,0
Rishan Abrhaley,5,good,2026-02-26 22:51:21,0
Nehyan_pardasi Pardasi,5,very good,2026-02-26 22:44:38,0
Rommel Orro,5,good,2026-02-26 22:38:15,0
mustaffa Khan,5,good,2026-02-26 22:20:29,0
Waqas Yaqoob,5,Very good,2026-02-26 22:17:35,0
Alex Nsubuga,4,delivers on time,2026-02-26 21:45:35,0
emy ahmed,5,روعه حقيقي,2026-02-26 21:12:39,0
Mohamed Atef,5,💕,2026-02-26 21:06:35,0
Arsalan Ahmad,5,great service,2026-02-26 20:43:01,0
SELVAKUMAR GOVINDASAMY,5,Good,2026-02-26 20:32:52,0
Rifat HKR,5,nice good,2026-02-26 20:29:52,0
Majid,5,wonderful application,2026-02-26 20:29:07,0
Moimran Ansari,5,good,2026-02-26 20:16:38,0
MOHAMMED RAFIQ,5,very good service,2026-02-26 20:14:44,0
Joy Nal,5,good,2026-02-26 20:06:52,0
Mohammed Founas,5,good,2026-02-26 19:37:52,0
Saleem Khan,5,very good product original poco x6 👍🏻👍🏻👍🏻👍🏻👍🏻👍🏻👍🏻👍🏻👍🏻,2026-02-26 19:30:47,0
Md Ashraful,5,best online app,2026-02-26 19:29:49,0
Eatikhar Shakih,5,ok,2026-02-26 19:21:17,0
Ram sah,5,good,2026-02-26 19:03:41,0
Nawas Shareef,5,good,2026-02-26 18:50:52,0
Qauzi Moen,5,good 👍👍,2026-02-26 18:38:28,0
Afsar Ali acha ji,5,Best,2026-02-26 18:34:34,0
Zainul nizamvs,5,supr,2026-02-26 18:33:37,0
Munna Ansari,5,noon is butter services,2026-02-26 18:28:57,0
dina al hasan,1,"There is no proper customer service on Noon Food. I submitted a complaint and received no response. This is not the first time I received the wrong item. It keeps happening, and there is no clear way to speak to a representative. Very disappointing experience.",2026-02-26 18:18:42,0
Shoebaslam Sondke,5,Very Nice,2026-02-26 17:57:56,0
Al Amin,2,good,2026-02-26 17:43:46,0
Ayaz Khan,2,good,2026-02-26 17:38:46,0
Yahya Mohammed,5,افضل تطبيق في مجال التسوق أونلاين التطبيق سهل ومريح وكمان خدمه العملاء والاسترجاع والحاجات اللي زي كده ممتازه,2026-02-26 16:43:38,0
Md Jasim,5,Good,2026-02-26 16:15:23,0
Albousaifi,1,تجربة تسوق سيئة تم الغاء طلبية مدفوعة ، فقط لعدم الرد علي مكالمة سائق التوصيل رغم اني دافع سعر توصيل اضافي وتم أخذه رغم الغاء الطلبية,2026-02-26 16:11:58,0
Tiwari Amar,5,good service,2026-02-26 16:02:09,0
Sharvan Yadav,4,it's good app,2026-02-26 15:07:20,0
Alex Razzouk,5,good,2026-02-26 14:34:34,0
Zaina jeyn Ismael,5,nice,2026-02-26 14:34:27,0
V-jay Fatehgarhia,5,nice,2026-02-26 14:19:57,0
Mary Jane Gallo,5,nice,2026-02-26 14:06:10,0
SAMIR BK,5,good 👍,2026-02-26 13:46:57,0
Osman Goni,5,good,2026-02-26 13:22:02,0
Jihad Mizan,5,😍🥰🥰,2026-02-26 13:13:24,0
Mohamed Aatti,3,hard to navigate. I couldn't reach to the home tools category. also more items and offers should be added to compete with Amazon and temu,2026-02-26 12:58:14,0
Riyaz Riyu87,4,good,2026-02-26 12:57:24,0
Lilam Gaha,5,good,2026-02-26 12:47:30,0
Muhammad Umer,5,💜,2026-02-26 12:26:19,0
Muhammad Ghafran,5,Good,2026-02-26 11:57:53,0
Ayari Souhaila,5,faster,2026-02-26 11:44:54,0
Shakib Khanapuri,4,thank you noon you are best delivery,2026-02-26 11:16:25,0
badharu pdp,5,good 😊,2026-02-26 10:53:52,0
Md Sujon Ahmed,5,very good,2026-02-26 10:41:21,0
M Shahin,5,its good,2026-02-26 10:33:07,0
Fathah KK,5,Nice,2026-02-26 10:28:43,0
Apnaderi Amin,5,"I ordered a bunk bed curtains for 50 aed but the total price was kept at 63 aed with delivery fee of 13 aed.If the delivery fee is free, it will be convenient for customers like us",2026-02-26 10:24:09,0
Imran Tariq,5,Good service,2026-02-26 10:14:53,0
Manish kurup,5,cool,2026-02-26 10:11:19,0
Patricia Marie De Mesa,1,worst food app. it charged me 29.99 even if i unsubscribe months ago. there were no live customer agents to contact to. uninstall and unrecommend to everyone,2026-02-26 10:04:24,0
Muhammad Ali,5,Better by far than other competitors.,2026-02-26 09:55:19,0
Mohamed Zayed,5,thank you.,2026-02-26 09:51:49,0
MUHAMMAD ALI BASHA FULARI,5,nice,2026-02-26 09:34:09,0
Md Harun-Or Rashid,5,"I recently experienced with Noon, and I am truly impressed. The service was smoothly within the given time, and the customer support team was very professional, polite, and helpful throughout the process. Everything was clearly communicated, and there was no confusion or delay. My overall experience was surprisingly satisfying. It gave me confidence to shop again from the app. I really appreciate the excellent service and quick response from the support team. Highly recommended!",2026-02-26 09:33:35,5
Ibrahim Mirza,5,"super noon, need to increase offers on more products .",2026-02-26 09:01:01,0
al shafak,1,please fix the payment problem whenever I try to buy something there is showing please wait a minute again and again,2026-02-26 08:56:44,0
Saif saiful,5,good,2026-02-26 08:03:21,0
Braa Chingy,5,"very easy, fast and trusted",2026-02-26 07:57:45,0
Karim El Raddaf,1,"they're NOT worth the trust,they're fooling people,after 5 months I found out they're deduct monthly 24.99 as membership WHAT MEMBERSHIP ARE YOU TALKING ABOUT I DIDN'T REGISTER ANY MEMBERSHIP WITH THEM. DON'T TRUST THEM...",2026-02-26 06:34:11,0
Mohamed Zubair Zubair,1,"This application has proven to be one of the most unsatisfactory I have encountered. I experienced a lack of proper responsiveness, and my order was canceled without my consent, even after payment had been processed. Due to these significant issues, I will be uninstalling it from my device.",2026-02-26 06:14:09,0
Umair Khan,5,very good,2026-02-26 06:08:26,0
Danish Ahmad,5,good,2026-02-26 05:55:07,0
Muhammad AFFAN,4,good,2026-02-26 05:09:49,0
Arun Magar,5,great,2026-02-26 04:14:32,0
Uzma Iqbal,1,it took me many attempts to just get to order my item. kept redirecting me several times and refunding my amount without processing properly. v disappointed. amazon is one click n job done,2026-02-26 03:39:04,0
Harun Hussain,5,good,2026-02-26 03:26:49,0
Taoufik El hajoui,5,noon is one of the best apps I use in my life,2026-02-26 02:37:30,0
md fuwad,5,Good,2026-02-26 01:15:25,0
Shahir K,5,good,2026-02-26 01:07:05,0
Asif Baloch,5,it's good app I buy with tabby noon,2026-02-26 00:17:00,0
Altaf Sirg,5,nice app,2026-02-25 23:57:32,0
mohamed H,1,المنتج لم يصل ،المندوب سرق الشحنة,2026-02-25 22:45:49,0
Rk Singj,5,very good,2026-02-25 22:26:50,0
Raja Soban aziz,3,V good,2026-02-25 21:52:37,0
Md Riaz,2,thanks noon,2026-02-25 21:42:17,0
Rakib Sakar,5,good,2026-02-25 21:41:02,0
MD Salim Ahmad,5,good job,2026-02-25 21:32:18,0
mohammed khabbazeh,2,payment problem and hold manytimes until successed at the end,2026-02-25 21:32:04,0
ATTA UR RAHMAN Yousafzai,5,very good very easy,2026-02-25 21:30:05,0
MUHAMMAD MINHAZ AHMED,5,good,2026-02-25 21:18:33,0
Rebca Thagrg,5,Best Service trustable 🤗,2026-02-25 21:17:30,0
mohsin amin,3,App works too slow,2026-02-25 21:11:58,0
Abdelmalik Ragab,5,ممتاز,2026-02-25 21:11:42,0
Zuhaib khan,5,good service 👍,2026-02-25 21:05:30,0
Kurban Ali,5,good,2026-02-25 21:00:54,0
Ashraf Kalangodan,5,good,2026-02-25 20:52:10,0
Paras Yadav,5,Good,2026-02-25 20:38:20,0
Arun Sulochanan,1,"unathorised transaction while refund of an item. i am a frequent customer and annual noon one customer . recently i had faced with serious issues from noon .while cancelling an order i got msg that refund processed , same time instead of refund , same amount debited again from my card. and i have contacted bank and blocked my card and they issued new one. one week later with the new card same issue repeated. i cancelled another order and same amount debited again.",2026-02-25 20:31:32,1
Md Bahauddin,5,good,2026-02-25 20:29:19,0
Md Shimul,5,good,2026-02-25 20:26:48,0
Osman Goni,5,well option,2026-02-25 20:24:46,0
Shahbaz Ahmad,3,very good,2026-02-25 20:24:33,0
Miash Nakato,3,Delivery on time,2026-02-25 20:16:42,0
Yousuf Ali,4,i regular customers of noon im from Bangladesh really Trusted and lower price all item i very happy joining with noon family,2026-02-25 20:14:30,0
Jhen,5,good,2026-02-25 20:13:05,0
Hani Fadul,5,easy with good price,2026-02-25 20:05:02,0
Muhammad Bilal,5,Good platform everyone for buy low price and good quality one more this is trusted app my opinion one time survey and find own choices items here good luck for your wishes.,2026-02-25 19:36:44,0
a.abdul azeez,5,good,2026-02-25 18:42:56,0
Subramanian Suresh,5,Good,2026-02-25 18:29:07,0
Farhan Adil,5,Noon is the best,2026-02-25 18:22:59,0
imran ahmad,5,Amazing app,2026-02-25 18:20:14,0
abdul hamid khan khan,5,excellent service,2026-02-25 18:18:33,0
Sherief Mohammed,5,very good,2026-02-25 18:17:59,0
Mohd Sameer,5,Very nice,2026-02-25 17:56:27,0
Opp User,5,good 👍,2026-02-25 17:19:13,0
Nasasira Evas,5,A great experience 🥰,2026-02-25 16:40:42,0
Mujahed Albazi,1,"app keep crashing, for the oast month everytime I open the app its crashing, also there is no reminders fir payments like ither apps, they just deduct directly from your card even for annually renewal, I'm so disappointed by them, they where very good before...",2026-02-25 16:05:29,0
Faeis Faeis,5,good 😊,2026-02-25 16:01:35,0
Kiratee Rai,5,i hope its good my item,2026-02-25 15:57:17,0
NIHAL C NAVAS,4,nice,2026-02-25 15:54:15,0
Toqa Mohamed,5,"its most popular and easier online shopping app in Egypt, and customer services are perfect very helpful and friendly staff , i really like it 😀",2026-02-25 15:43:23,0
Mohamed Saleem,5,have purchased more like in store. very easy options.,2026-02-25 15:24:01,0
Kamal Hossen,5,nice,2026-02-25 15:01:15,0
Fazal Malik,5,thank you so much noon 🥰,2026-02-25 14:51:43,0
Ammanu Kunnu,1,"I ordered 10 pcs in now now, they have sent only 1 pcs without informing me, loss on delivery charge and service charge because of 1 pcs, I tried to reach customer support, only ai is responding",2026-02-25 14:39:43,0
Mhmd Hesham,1,customer service are hard to reach and it is only on chat,2026-02-25 14:24:09,0
Danish Quamer,5,Noon is the best in ksa,2026-02-25 13:48:08,0
Mishal Usman,5,quick delivery,2026-02-25 13:24:50,0
Zihad Hossain,1,high price,2026-02-25 13:18:55,0
Majidul Islam,5,Nise,2026-02-25 12:42:02,0
Unique Shaz,1,"I simply love noon❤...quick and amazing Now I'm back here again and sad. An item is like 90 riyals if I click it,immediately the total goes to 126,if I select a second item maybe 100 riyals,the item jumps to 150...so by the time I have selected my 9 items for example, the total is at 900. What it this? What kind of a bad trick have guys started using? I have bought phones from noon but now it have started feeling unreliable. I have now cancelled everything 4 times from my cart due to this.",2026-02-25 12:28:37,4
Ashik Ali,5,best services,2026-02-25 11:37:12,0
Nabeel Cheema,5,very good 😊,2026-02-25 11:05:11,0
Haider ali gill Haider ali gill,5,excellent,2026-02-25 10:14:47,0
Afzal Khan,3,good,2026-02-25 09:55:42,0
Md Rana,3,good,2026-02-25 07:46:28,0
Maran lu lu din,5,nice,2026-02-25 07:38:56,0
MAHENDRAN SEEMAAN,5,perfect,2026-02-25 06:34:03,0
MUHAMMAD Hashreen,5,very good 👍,2026-02-25 06:07:07,0
Roy Luga,5,Nice,2026-02-25 05:42:02,0
Imran Khan,4,keep it up,2026-02-25 05:24:31,0
derartu Tola,5,good 👍,2026-02-25 04:26:23,0
Komol Ahmed,5,This is the best policy in the online world.,2026-02-25 04:15:35,0
MD:Younus ali,5,very good,2026-02-25 04:09:17,0
Junaid Ali,4,good,2026-02-25 03:37:44,0
Rizwan Naz,5,nice,2026-02-25 02:19:19,0
Shafqat Nadeem,1,good,2026-02-25 01:38:48,0
Yaz R,1,no customer support.,2026-02-25 01:37:36,0
MD Shahbaz Ansare,5,good 👍,2026-02-25 01:24:49,0
Sedra Hossam,5,حلو اوي,2026-02-25 00:58:20,0
Eldor Rahmatjonov,5,very good servis,2026-02-24 23:39:21,0
Md sumon Mia,5,good,2026-02-24 23:38:12,0
Kamal Karki,4,goodapp,2026-02-24 23:15:05,0
Shanod Kp,3,good,2026-02-24 23:06:47,0
Ziyad Hasan,4,good but worth better interface,2026-02-24 21:56:36,0
Faruk Patwary,5,good,2026-02-24 21:53:56,0
mdad mia,5,good,2026-02-24 21:47:51,0
Zaheer Ahmed,5,great,2026-02-24 21:45:16,0
Muhammad Usman,5,Nice app good and fast delivery,2026-02-24 21:36:37,0
Medo Abdo,5,شكرا جزيلا تطبيق محترم وخدمه مميزه,2026-02-24 21:30:32,0
Sumon Hossain,5,good,2026-02-24 20:43:28,0
Nk Khan,5,wonderful,2026-02-24 20:38:57,0
Abrar Faisal1.8,3,Good this system,2026-02-24 20:19:33,0
Mohammed Zia Anis Ansari,5,good👍,2026-02-24 19:11:32,0
Basa Srinivas,5,good,2026-02-24 19:09:28,0
Ghulam Dastagir,5,good,2026-02-24 18:40:19,0
MD RAKIBUL ISLAM,5,good,2026-02-24 18:33:25,0
